date,acute_bronchiolitis_syndromic,acute_respiratory_illness,influenza_like_syndromic,scarlet_fever_syndromic,black_carbon,blue_particulate_matter,green_particulate_matter,infra_red_particulate_matter,nitric_dioxide,nitric_oxide,nitrogen_oxides_as_nitrogen_dioxide,Ozone,PM10,PM2.5,red_particulate_matter,UV_particulate_matter_370nm,yellow_particulate_matter_590nm
09-06-2024,2.0,176.0,2.0,3.0,0.403,0.47,0.447,0.423,8.0,3.786,13.571,59.444,8.2,4.125,0.41,0.467,0.43
10-06-2024,7.0,166.0,2.0,0.0,0.337,0.373,0.353,0.347,8.5,4.214,14.929,60.9,6.1,3.0,0.327,0.363,0.347
11-06-2024,6.0,155.0,0.0,0.0,0.48,0.53,0.507,0.487,12.143,5.214,19.929,60.5,8.7,4.25,0.48,0.517,0.503
12-06-2024,2.0,157.0,0.0,0.0,0.663,0.753,0.717,0.68,14.5,6.0,23.786,64.5,10.3,4.875,0.67,0.747,0.703
13-06-2024,3.0,137.0,0.0,0.0,0.667,0.733,0.703,0.67,13.929,7.643,25.5,59.3,10.4,4.625,0.67,0.71,0.693
14-06-2024,3.0,160.0,1.0,1.0,0.763,0.87,0.83,0.757,11.571,7.143,22.643,54.8,7.111,2.714,0.783,0.84,0.813
15-06-2024,6.0,179.0,0.0,2.0,0.563,0.627,0.593,0.57,10.429,6.0,19.643,57.7,6.667,3.143,0.573,0.61,0.587
16-06-2024,2.0,166.0,4.0,0.0,0.42,0.477,0.453,0.417,8.571,3.857,14.429,66.0,5.667,2.857,0.42,0.46,0.447
17-06-2024,6.0,193.0,1.0,0.0,0.633,0.707,0.68,0.667,12.214,5.214,20.071,62.4,8.444,4.143,0.643,0.677,0.667
18-06-2024,6.0,174.0,1.0,1.0,0.563,0.643,0.6,0.583,13.429,5.0,20.857,57.9,10.0,5.25,0.57,0.62,0.587
19-06-2024,10.0,173.0,0.0,2.0,0.6,0.703,0.66,0.617,13.857,5.5,22.429,60.2,8.7,4.25,0.61,0.707,0.643
20-06-2024,7.0,185.0,2.0,0.0,1.03,1.15,1.093,1.07,20.929,8.214,33.357,58.8,11.6,4.625,1.037,1.12,1.073
21-06-2024,6.0,192.0,1.0,3.0,0.68,0.763,0.72,0.7,14.286,6.214,23.929,69.8,13.5,6.375,0.683,0.733,0.71
22-06-2024,7.0,159.0,0.0,1.0,0.463,0.517,0.493,0.467,8.286,4.143,14.714,61.6,8.0,4.125,0.467,0.493,0.483
23-06-2024,9.0,168.0,0.0,3.0,0.507,0.567,0.54,0.54,8.429,3.786,14.143,57.2,6.2,3.375,0.513,0.547,0.533
24-06-2024,6.0,188.0,3.0,2.0,0.807,0.913,0.873,0.853,15.357,6.857,25.857,48.3,11.0,5.5,0.82,0.9,0.857
25-06-2024,8.0,168.0,0.0,0.0,0.893,0.987,0.943,0.923,15.643,4.429,22.286,65.2,14.2,7.25,0.903,0.967,0.933
26-06-2024,4.0,170.0,2.0,0.0,0.983,1.097,1.053,1.06,15.786,4.571,22.714,90.222,19.1,11.125,1.0,1.067,1.037
27-06-2024,7.0,191.0,1.0,0.0,0.397,0.453,0.433,0.423,8.0,4.692,15.615,63.222,12.9,5.625,0.407,0.45,0.423
28-06-2024,5.0,194.0,2.0,1.0,0.463,0.523,0.497,0.483,9.857,5.357,18.071,58.125,9.1,3.375,0.463,0.517,0.487
29-06-2024,5.0,212.0,0.0,3.0,0.677,0.753,0.713,0.683,10.714,4.929,18.143,52.0,9.4,4.5,0.68,0.723,0.71
30-06-2024,4.0,182.0,1.0,2.0,0.43,0.483,0.453,0.433,8.462,3.615,13.615,50.444,10.5,4.5,0.433,0.477,0.45
01-07-2024,5.0,172.0,0.0,0.0,0.587,0.66,0.633,0.603,12.0,7.071,22.643,42.111,8.5,3.875,0.593,0.643,0.623
02-07-2024,4.0,144.0,3.0,0.0,0.605,0.665,0.64,0.62,9.333,4.267,15.8,53.6,14.8,7.0,0.615,0.635,0.63
03-07-2024,3.0,166.0,1.0,2.0,0.765,0.85,0.81,0.765,12.067,6.867,22.733,50.7,7.1,3.125,0.77,0.815,0.8
04-07-2024,6.0,150.0,0.0,0.0,0.373,0.4,0.383,0.363,7.0,4.333,13.667,57.778,11.7,4.5,0.373,0.39,0.38
05-07-2024,6.0,186.0,0.0,0.0,0.74,0.84,0.8,0.757,12.333,5.8,21.4,53.4,8.2,3.375,0.753,0.82,0.783
06-07-2024,7.0,144.0,0.0,0.0,0.583,0.657,0.637,0.61,11.2,4.667,18.2,49.4,7.4,3.125,0.59,0.64,0.63
07-07-2024,7.0,157.0,0.0,1.0,0.5,0.553,0.527,0.51,9.867,5.0,17.467,45.9,5.5,2.25,0.497,0.543,0.52
08-07-2024,10.0,163.0,0.0,1.0,0.647,0.7,0.67,0.643,14.2,8.333,26.933,42.6,7.7,3.125,0.647,0.677,0.667
09-07-2024,12.0,172.0,0.0,0.0,0.687,0.757,0.723,0.697,10.286,6.571,20.429,38.556,6.1,2.5,0.687,0.723,0.71
10-07-2024,4.0,157.0,0.0,0.0,0.443,0.503,0.48,0.453,8.143,4.929,15.571,49.778,5.125,1.429,0.447,0.483,0.467
11-07-2024,5.0,164.0,2.0,0.0,0.747,0.847,0.807,0.763,11.6,6.333,21.267,42.2,6.222,2.714,0.76,0.807,0.793
12-07-2024,7.0,168.0,0.0,0.0,0.46,0.515,0.495,0.46,13.133,5.467,21.6,41.3,9.8,5.25,0.46,0.515,0.485
13-07-2024,6.0,164.0,1.0,1.0,0.47,0.525,0.51,0.49,13.067,5.333,21.4,41.8,8.8,5.125,0.48,0.52,0.5
14-07-2024,10.0,164.0,2.0,2.0,0.415,0.48,0.45,0.42,12.333,4.667,19.333,41.6,7.3,4.375,0.42,0.47,0.44
15-07-2024,11.0,206.0,2.0,0.0,0.91,1.07,1.015,0.94,18.4,8.4,31.2,41.8,10.9,6.5,0.94,1.06,0.985
16-07-2024,8.0,178.0,1.0,0.0,0.905,1.01,0.965,0.94,13.786,5.857,22.643,53.4,9.5,4.75,0.92,0.97,0.95
17-07-2024,7.0,177.0,1.0,0.0,1.245,1.355,1.3,1.26,17.929,9.0,31.571,50.9,11.0,5.75,1.245,1.305,1.29
18-07-2024,2.0,185.0,0.0,1.0,0.505,0.59,0.565,0.535,17.933,7.067,28.867,57.7,12.2,6.0,0.52,0.585,0.54
19-07-2024,7.0,188.0,1.0,0.0,0.525,0.605,0.575,0.54,17.4,6.467,27.333,65.667,15.2,7.0,0.535,0.615,0.565
20-07-2024,13.0,193.0,0.0,0.0,0.783,0.883,0.833,0.813,10.467,6.4,20.4,30.4,6.3,2.75,0.79,0.85,0.82
21-07-2024,8.0,187.0,1.0,1.0,0.463,0.51,0.487,0.46,7.667,3.667,13.467,50.0,6.5,3.0,0.463,0.507,0.487
22-07-2024,6.0,167.0,2.0,0.0,0.49,0.55,0.527,0.487,8.267,5.2,16.467,45.1,7.0,3.0,0.493,0.537,0.517
23-07-2024,3.0,157.0,0.0,1.0,0.635,0.705,0.685,0.63,11.2,4.2,17.8,48.3,7.5,3.625,0.635,0.69,0.665
24-07-2024,6.0,170.0,0.0,0.0,0.91,1.01,0.965,0.935,13.533,8.133,26.0,36.1,10.0,4.75,0.915,0.975,0.95
25-07-2024,9.0,160.0,1.0,0.0,0.563,0.633,0.607,0.577,9.067,5.933,18.267,39.8,6.2,2.625,0.57,0.607,0.597
26-07-2024,9.0,180.0,0.0,0.0,0.553,0.607,0.58,0.57,10.467,6.333,20.067,43.0,9.6,4.25,0.55,0.59,0.573
27-07-2024,12.0,148.0,1.0,3.0,0.997,1.14,1.077,1.013,14.067,6.733,24.4,40.1,9.0,4.25,1.007,1.097,1.057
28-07-2024,7.0,150.0,1.0,0.0,1.15,1.327,1.26,1.18,16.733,6.867,27.0,43.5,10.4,5.75,1.183,1.313,1.23
29-07-2024,6.0,157.0,1.0,0.0,1.177,1.353,1.273,1.21,21.333,7.733,32.933,62.222,13.8,6.125,1.197,1.333,1.253
30-07-2024,6.0,152.0,1.0,0.0,0.883,1.003,0.953,0.923,15.467,3.533,20.8,64.222,15.1,6.75,0.9,0.987,0.933
31-07-2024,5.0,157.0,2.0,0.0,0.877,1.007,0.97,0.937,17.467,4.333,23.933,86.333,17.8,8.375,0.917,0.997,0.947
01-08-2024,8.0,180.0,2.0,0.0,0.977,1.127,1.073,1.05,17.714,4.429,24.214,77.889,17.6,9.625,1.01,1.107,1.053
02-08-2024,3.0,133.0,0.0,0.0,0.86,0.983,0.937,0.92,13.769,6.0,23.0,52.8,14.2,8.0,0.887,0.947,0.92
03-08-2024,3.0,147.0,0.0,0.0,0.457,0.527,0.5,0.497,8.571,4.143,14.857,51.8,11.9,6.0,0.467,0.517,0.49
04-08-2024,4.0,137.0,2.0,0.0,0.205,0.235,0.225,0.21,8.143,4.429,14.786,49.0,10.5,5.25,0.21,0.225,0.22
05-08-2024,4.0,132.0,0.0,0.0,0.25,0.27,0.265,0.295,9.429,5.786,18.214,48.556,11.4,5.375,0.26,0.255,0.26
06-08-2024,10.0,140.0,0.0,0.0,0.597,0.643,0.617,0.613,10.214,5.5,18.643,52.222,8.6,3.75,0.59,0.613,0.607
07-08-2024,1.0,126.0,0.0,0.0,0.517,0.57,0.55,0.517,9.214,4.857,16.643,55.889,11.222,5.125,0.52,0.55,0.54
08-08-2024,6.0,124.0,1.0,0.0,0.653,0.71,0.683,0.653,10.143,6.286,19.571,47.875,7.778,4.0,0.653,0.667,0.677
09-08-2024,3.0,121.0,0.0,0.0,0.42,0.453,0.433,0.427,7.8,4.267,14.4,53.875,7.111,2.875,0.417,0.433,0.43
10-08-2024,4.0,119.0,3.0,0.0,0.693,0.79,0.75,0.73,11.733,5.133,19.6,45.125,9.444,5.375,0.71,0.777,0.737
11-08-2024,5.0,112.0,0.0,2.0,1.163,1.367,1.283,1.173,14.4,5.267,22.133,53.125,11.222,5.625,1.197,1.37,1.253
12-08-2024,2.0,150.0,0.0,1.0,0.863,0.997,0.943,0.877,12.533,4.6,19.6,61.375,13.333,6.125,0.89,0.963,0.917
13-08-2024,5.0,110.0,0.0,1.0,0.703,0.78,0.747,0.72,13.067,7.267,24.0,50.0,11.3,4.25,0.707,0.75,0.74
14-08-2024,4.0,121.0,1.0,0.0,0.87,0.97,0.93,0.88,14.8,6.533,24.8,42.5,11.0,5.25,0.88,0.94,0.91
15-08-2024,3.0,128.0,1.0,0.0,0.79,0.88,0.84,0.795,10.4,6.067,19.8,40.875,9.4,3.5,0.8,0.85,0.825
16-08-2024,3.0,125.0,0.0,0.0,0.803,0.91,0.867,0.83,15.533,8.533,28.2,45.7,9.8,4.375,0.807,0.887,0.84
17-08-2024,2.0,129.0,1.0,0.0,0.69,0.783,0.75,0.69,11.133,5.533,19.6,48.2,8.7,4.625,0.707,0.767,0.737
18-08-2024,2.0,110.0,1.0,0.0,0.63,0.7,0.673,0.663,8.867,3.4,14.067,55.9,15.0,9.5,0.64,0.683,0.663
19-08-2024,3.0,132.0,2.0,0.0,1.107,1.213,1.17,1.133,12.933,6.933,23.667,45.3,22.889,15.875,1.12,1.177,1.163
20-08-2024,3.0,107.0,0.0,0.0,0.42,0.477,0.457,0.443,8.267,4.667,15.267,56.4,7.111,3.0,0.43,0.467,0.447
21-08-2024,2.0,107.0,0.0,1.0,0.423,0.473,0.46,0.423,7.933,4.8,15.133,53.7,11.0,4.75,0.433,0.453,0.45
22-08-2024,3.0,117.0,0.0,0.0,0.433,0.483,0.453,0.443,7.733,4.133,13.867,63.3,10.111,4.25,0.44,0.457,0.453
23-08-2024,3.0,122.0,0.0,0.0,0.41,0.453,0.433,0.417,7.4,4.267,14.067,63.5,8.2,3.875,0.42,0.447,0.43
24-08-2024,3.0,124.0,1.0,0.0,0.583,0.657,0.627,0.587,10.4,4.867,17.8,53.3,6.7,3.375,0.59,0.623,0.613
25-08-2024,4.0,123.0,0.0,0.0,0.47,0.507,0.487,0.477,6.4,2.933,10.933,58.3,9.5,5.125,0.467,0.477,0.483
26-08-2024,3.0,139.0,1.0,1.0,0.76,0.853,0.82,0.777,8.533,3.4,13.8,68.0,21.4,14.5,0.78,0.837,0.807
27-08-2024,3.0,127.0,0.0,0.0,0.94,1.073,1.017,0.963,15.333,6.6,25.467,56.0,13.6,6.625,0.957,1.05,0.997
28-08-2024,7.0,105.0,0.0,2.0,1.04,1.19,1.133,1.087,18.4,7.2,29.267,57.4,14.7,8.125,1.077,1.17,1.117
29-08-2024,2.0,113.0,0.0,0.0,0.82,0.915,0.885,0.83,14.8,7.133,25.867,48.0,15.0,8.875,0.82,0.9,0.86
30-08-2024,4.0,125.0,0.0,0.0,1.05,1.16,1.11,1.065,19.533,8.667,33.0,46.7,15.9,9.5,1.05,1.15,1.095
31-08-2024,4.0,121.0,3.0,0.0,0.573,0.613,0.59,0.613,8.2,2.667,12.333,59.5,20.4,13.875,0.577,0.603,0.593
01-09-2024,8.0,135.0,0.0,0.0,0.58,0.637,0.613,0.62,8.733,2.133,11.933,60.3,22.1,13.625,0.59,0.64,0.6
02-09-2024,6.0,134.0,3.0,0.0,1.297,1.447,1.38,1.36,17.0,6.857,27.643,43.6,17.7,11.5,1.317,1.407,1.36
03-09-2024,9.0,124.0,3.0,0.0,0.44,0.5,0.47,0.45,15.071,6.0,24.143,43.8,11.2,6.125,0.445,0.49,0.465
04-09-2024,2.0,113.0,2.0,0.0,0.46,0.54,0.5,0.475,16.5,6.0,25.714,45.667,11.4,6.0,0.46,0.53,0.495
05-09-2024,5.0,119.0,3.0,0.0,0.693,0.77,0.74,0.71,10.857,3.429,16.071,59.333,16.1,9.875,0.703,0.743,0.73
06-09-2024,6.0,119.0,0.0,0.0,1.253,1.47,1.4,1.323,11.467,3.067,16.133,87.556,50.4,26.125,1.317,1.46,1.37
07-09-2024,8.0,115.0,1.0,1.0,1.37,1.547,1.487,1.453,14.733,3.267,19.733,59.222,31.3,22.375,1.413,1.503,1.47
08-09-2024,4.0,152.0,0.0,0.0,0.79,0.89,0.847,0.8,12.667,4.6,19.667,50.667,10.5,7.0,0.807,0.87,0.84
09-09-2024,5.0,138.0,0.0,0.0,0.477,0.527,0.503,0.48,10.267,4.4,16.867,57.111,14.5,6.375,0.48,0.517,0.5
10-09-2024,10.0,131.0,1.0,0.0,0.623,0.693,0.667,0.627,12.0,5.333,20.2,49.778,10.8,5.125,0.633,0.673,0.65
11-09-2024,7.0,130.0,0.0,0.0,0.577,0.623,0.603,0.59,11.6,6.133,21.133,48.667,7.0,2.625,0.577,0.593,0.6
12-09-2024,5.0,159.0,3.0,1.0,0.763,0.877,0.823,0.763,17.6,7.533,29.2,41.2,6.0,2.556,0.77,0.86,0.813
13-09-2024,2.0,139.0,1.0,0.0,1.343,1.517,1.443,1.33,26.533,16.867,52.333,33.2,10.727,5.0,1.357,1.507,1.41
14-09-2024,3.0,144.0,0.0,0.0,0.863,1.007,0.943,0.887,14.533,5.8,23.2,55.7,9.545,4.444,0.897,0.99,0.923
15-09-2024,9.0,145.0,0.0,4.0,0.75,0.86,0.817,0.77,12.333,4.533,19.2,52.6,8.636,4.333,0.77,0.843,0.803
16-09-2024,11.0,182.0,4.0,0.0,1.273,1.47,1.39,1.333,19.8,11.067,36.667,33.5,9.818,5.333,1.293,1.45,1.357
17-09-2024,5.0,128.0,2.0,0.0,1.32,1.497,1.413,1.327,17.933,12.667,37.133,38.5,9.727,4.667,1.34,1.49,1.393
18-09-2024,15.0,175.0,3.0,0.0,0.59,0.68,0.653,0.6,11.267,3.267,16.133,59.9,14.455,6.667,0.607,0.67,0.633
19-09-2024,20.0,173.0,1.0,0.0,0.857,0.99,0.95,0.893,12.0,3.667,17.6,65.636,27.364,16.444,0.887,0.997,0.93
20-09-2024,4.0,159.0,0.0,1.0,1.223,1.407,1.347,1.307,12.467,3.133,17.067,76.636,34.636,22.222,1.273,1.393,1.327
21-09-2024,7.0,158.0,2.0,0.0,1.21,1.427,1.363,1.303,12.333,2.733,16.4,77.0,29.0,19.667,1.28,1.407,1.33
22-09-2024,14.0,199.0,1.0,0.0,0.973,1.113,1.073,0.983,9.533,1.8,12.333,73.636,19.273,15.0,1.003,1.083,1.053
23-09-2024,8.0,240.0,2.0,1.0,1.17,1.347,1.283,1.2,17.0,3.867,23.067,63.909,17.545,14.111,1.207,1.297,1.253
24-09-2024,13.0,199.0,3.0,0.0,0.807,0.94,0.897,0.823,16.533,5.8,25.6,63.818,10.0,5.444,0.823,0.927,0.867
25-09-2024,12.0,171.0,0.0,0.0,0.937,1.07,1.023,0.957,20.8,9.333,35.4,46.364,8.273,4.444,0.963,1.05,1.007
26-09-2024,6.0,206.0,1.0,0.0,0.425,0.5,0.485,0.46,18.867,7.867,30.933,48.909,7.091,3.889,0.44,0.505,0.47
27-09-2024,12.0,173.0,3.0,1.0,0.533,0.6,0.57,0.54,14.267,5.267,22.333,53.182,7.182,3.111,0.537,0.603,0.563
28-09-2024,9.0,179.0,1.0,0.0,0.987,1.16,1.087,0.98,19.867,8.6,32.867,40.273,8.364,4.111,1.013,1.187,1.057
29-09-2024,11.0,189.0,4.0,0.0,0.67,0.84,0.783,0.697,14.667,5.733,23.4,45.364,8.273,4.333,0.707,0.91,0.75
30-09-2024,11.0,238.0,2.0,2.0,0.677,0.77,0.74,0.707,13.267,6.267,23.067,39.818,3.364,1.444,0.69,0.753,0.72
01-10-2024,11.0,186.0,1.0,0.0,0.703,0.81,0.773,0.717,14.667,5.0,22.467,44.273,7.364,3.889,0.72,0.793,0.753
02-10-2024,13.0,173.0,3.0,0.0,0.553,0.65,0.617,0.57,12.933,4.0,18.6,55.273,9.727,4.111,0.57,0.657,0.6
03-10-2024,16.0,159.0,1.0,1.0,1.467,1.67,1.583,1.503,25.8,12.6,45.0,37.364,11.545,4.778,1.487,1.657,1.547
04-10-2024,15.0,212.0,1.0,2.0,1.573,1.857,1.743,1.583,26.867,16.4,51.8,38.364,14.091,7.111,1.62,1.897,1.697
05-10-2024,11.0,191.0,0.0,2.0,0.91,1.103,1.033,0.943,18.6,6.867,29.133,51.818,13.818,8.778,0.95,1.133,0.997
06-10-2024,9.0,208.0,2.0,3.0,0.777,0.983,0.907,0.8,14.333,5.467,22.667,37.182,9.455,5.556,0.823,1.037,0.87
07-10-2024,11.0,247.0,3.0,0.0,0.697,0.8,0.76,0.737,17.4,8.133,29.6,48.727,11.636,5.556,0.713,0.783,0.743
08-10-2024,15.0,232.0,1.0,0.0,0.795,0.915,0.865,0.805,19.062,7.625,30.75,46.455,8.6,4.444,0.81,0.885,0.84
09-10-2024,14.0,226.0,1.0,1.0,0.58,0.67,0.63,0.57,16.0,5.562,24.75,39.091,6.9,4.111,0.59,0.68,0.61
10-10-2024,11.0,235.0,4.0,0.0,0.81,0.95,0.887,0.823,20.75,6.812,31.25,46.545,10.4,4.444,0.823,0.97,0.87
11-10-2024,9.0,191.0,2.0,0.0,1.78,2.087,1.957,1.77,31.75,20.75,63.562,27.545,11.8,6.111,1.813,2.12,1.89
12-10-2024,10.0,195.0,3.0,0.0,0.987,1.17,1.093,0.99,17.062,6.688,27.25,45.182,8.2,4.222,1.013,1.19,1.07
13-10-2024,13.0,209.0,3.0,0.0,0.693,0.837,0.783,0.683,17.875,6.75,28.125,40.818,12.0,5.333,0.723,0.897,0.76
14-10-2024,13.0,234.0,3.0,0.0,0.95,1.167,1.087,0.96,21.312,5.438,29.625,33.364,10.2,6.0,0.983,1.203,1.04
15-10-2024,16.0,213.0,0.0,0.0,0.997,1.163,1.103,1.03,20.75,7.625,32.438,28.364,16.3,11.889,1.033,1.16,1.073
16-10-2024,23.0,253.0,0.0,1.0,1.24,1.47,1.387,1.273,17.875,10.062,33.312,20.909,19.0,11.222,1.287,1.46,1.337
17-10-2024,27.0,225.0,3.0,0.0,1.207,1.347,1.283,1.203,20.75,11.625,38.625,36.1,11.4,5.222,1.21,1.307,1.26
18-10-2024,13.0,201.0,0.0,1.0,0.837,0.927,0.893,0.813,15.562,9.375,29.75,41.9,8.8,4.333,0.84,0.897,0.877
19-10-2024,17.0,211.0,1.0,2.0,1.13,1.273,1.217,1.11,19.312,8.938,33.25,48.7,10.5,5.444,1.137,1.25,1.19
20-10-2024,29.0,220.0,1.0,1.0,0.387,0.43,0.407,0.38,5.938,2.375,9.625,61.2,14.9,7.556,0.39,0.437,0.4
21-10-2024,23.0,234.0,2.0,0.0,0.947,1.033,0.99,0.95,17.688,8.625,30.75,45.7,23.5,10.444,0.943,1.007,0.977
22-10-2024,12.0,237.0,3.0,2.0,1.377,1.577,1.493,1.393,24.688,17.0,50.75,32.091,12.8,6.0,1.397,1.573,1.453
23-10-2024,23.0,223.0,5.0,0.0,1.007,1.157,1.1,1.01,21.188,11.312,38.562,32.909,11.818,6.2,1.023,1.157,1.073
24-10-2024,20.0,248.0,5.0,0.0,0.817,0.963,0.917,0.823,16.467,8.133,29.267,42.0,12.727,6.9,0.853,0.967,0.887
25-10-2024,23.0,222.0,5.0,0.0,1.693,2.003,1.88,1.75,26.067,14.533,48.267,21.3,16.727,11.6,1.74,2.05,1.833
26-10-2024,19.0,239.0,3.0,2.0,1.787,2.05,1.93,1.783,27.2,20.867,59.2,21.636,14.182,7.8,1.817,2.037,1.887
27-10-2024,22.0,233.0,2.0,3.0,0.75,0.85,0.805,0.75,13.8,5.8,22.8,51.091,9.364,4.6,0.76,0.85,0.79
28-10-2024,49.0,276.0,1.0,0.0,0.31,0.4,0.36,0.31,15.4,7.667,26.933,41.182,5.909,2.7,0.32,0.44,0.35
29-10-2024,22.0,225.0,4.0,0.0,0.71,0.845,0.8,0.73,20.6,8.933,34.4,26.182,9.182,5.5,0.74,0.86,0.77
30-10-2024,24.0,237.0,4.0,0.0,0.535,0.625,0.595,0.55,19.625,7.562,31.5,30.727,12.727,8.3,0.555,0.62,0.58
31-10-2024,25.0,229.0,5.0,2.0,1.783,2.043,1.947,1.793,23.062,17.375,49.812,23.273,18.545,12.8,1.823,2.043,1.893
01-11-2024,26.0,256.0,4.0,1.0,1.247,1.443,1.373,1.273,20.75,7.0,31.562,35.545,15.917,11.091,1.277,1.463,1.337
02-11-2024,45.0,267.0,5.0,0.0,1.453,1.857,1.697,1.487,22.312,8.312,35.0,23.636,14.583,11.0,1.517,2.067,1.623
03-11-2024,51.0,260.0,6.0,0.0,0.833,1.04,0.96,0.857,16.5,5.062,24.0,36.273,15.167,11.364,0.877,1.133,0.927
04-11-2024,40.0,291.0,6.0,0.0,1.26,1.477,1.403,1.297,23.062,9.312,37.25,22.455,27.167,20.636,1.297,1.517,1.353
05-11-2024,42.0,265.0,4.0,0.0,1.55,1.823,1.72,1.613,23.375,12.688,42.812,19.273,29.917,22.455,1.607,1.88,1.673
06-11-2024,41.0,249.0,3.0,1.0,1.65,1.99,1.853,1.723,24.688,16.75,50.25,15.182,21.583,14.545,1.733,2.093,1.8
07-11-2024,32.0,238.0,4.0,1.0,0.957,1.083,1.037,0.963,25.438,11.312,42.812,21.9,19.583,13.636,0.977,1.08,1.017
08-11-2024,51.0,282.0,7.0,0.0,2.047,1.877,1.873,2.09,28.0,8.875,41.688,20.8,30.583,23.727,1.923,1.71,1.92
09-11-2024,50.0,249.0,8.0,0.0,1.917,2.173,2.057,1.953,26.5,9.938,41.875,23.375,33.167,27.273,1.94,2.303,2.02
10-11-2024,45.0,253.0,5.0,2.0,1.427,1.78,1.657,1.497,19.812,8.062,32.25,21.0,23.5,18.0,1.507,1.943,1.587
11-11-2024,38.0,274.0,6.0,0.0,1.59,1.947,1.807,1.607,30.625,13.375,51.25,25.25,19.0,9.818,1.657,2.063,1.737
12-11-2024,31.0,256.0,3.0,0.0,1.263,1.58,1.467,1.287,29.312,10.625,45.625,26.2,17.833,9.25,1.323,1.707,1.397
13-11-2024,28.0,274.0,5.0,0.0,1.723,2.153,1.993,1.757,27.938,18.188,55.625,19.6,20.333,14.083,1.81,2.297,1.91
14-11-2024,26.0,269.0,8.0,0.0,2.477,2.98,2.793,2.503,28.375,28.438,71.938,23.444,15.75,9.75,2.56,3.053,2.69
15-11-2024,39.0,284.0,7.0,0.0,2.03,2.417,2.263,2.057,30.0,24.5,67.625,14.818,19.083,12.833,2.093,2.533,2.193
16-11-2024,49.0,300.0,7.0,1.0,0.83,1.003,0.94,0.827,15.812,5.062,23.812,45.7,11.25,6.75,0.857,1.033,0.907
17-11-2024,45.0,323.0,8.0,1.0,0.723,0.91,0.833,0.723,17.125,5.188,25.062,51.182,7.333,4.083,0.757,0.977,0.803
18-11-2024,49.0,369.0,8.0,0.0,1.027,1.21,1.143,1.033,25.938,10.5,42.0,28.2,11.083,7.0,1.057,1.217,1.11
19-11-2024,43.0,312.0,5.0,0.0,1.123,1.387,1.29,1.147,28.625,8.75,42.125,35.3,9.667,6.25,1.17,1.507,1.23
20-11-2024,41.0,329.0,7.0,1.0,1.067,1.287,1.19,1.07,29.188,12.0,47.562,36.1,8.167,4.333,1.097,1.32,1.163
21-11-2024,46.0,311.0,8.0,0.0,2.523,2.807,2.71,2.627,36.188,38.312,94.625,27.4,12.333,6.833,2.52,2.767,2.58
22-11-2024,37.0,302.0,11.0,0.0,1.07,1.323,1.227,1.06,25.562,11.562,43.125,42.1,8.917,4.167,1.11,1.41,1.177
23-11-2024,58.0,339.0,10.0,0.0,0.503,0.613,0.577,0.497,11.062,3.75,16.938,54.7,6.583,3.333,0.537,0.637,0.553
24-11-2024,65.0,389.0,13.0,0.0,0.363,0.427,0.403,0.327,6.4,2.2,9.933,68.7,6.5,3.667,0.377,0.413,0.393
25-11-2024,52.0,378.0,15.0,0.0,0.46,0.513,0.483,0.443,12.667,5.8,21.467,60.0,9.667,4.417,0.467,0.513,0.48
26-11-2024,48.0,329.0,9.0,1.0,2.067,2.527,2.333,2.037,34.2,32.2,83.467,31.5,14.333,7.083,2.13,2.603,2.25
27-11-2024,44.0,306.0,11.0,0.0,1.97,2.437,2.26,2.01,34.867,18.867,64.0,26.545,12.917,9.5,2.057,2.603,2.167
28-11-2024,44.0,368.0,17.0,0.0,2.045,2.62,2.4,2.12,44.933,52.067,124.6,8.545,17.667,13.615,2.145,2.9,2.275
29-11-2024,34.0,337.0,25.0,1.0,0.6,0.785,0.725,0.635,25.812,11.438,43.312,33.818,11.0,6.615,0.645,0.88,0.675
30-11-2024,37.0,349.0,24.0,3.0,1.027,1.127,1.08,1.0,14.125,6.125,23.312,41.273,11.167,7.154,1.033,1.09,1.067
01-12-2024,44.0,394.0,30.0,2.0,0.627,0.73,0.693,0.613,10.625,4.312,17.188,49.636,6.917,4.385,0.64,0.733,0.667
02-12-2024,51.0,401.0,17.0,0.0,0.63,0.72,0.683,0.617,16.812,6.125,26.188,45.091,5.417,3.231,0.64,0.727,0.663
03-12-2024,46.0,344.0,25.0,1.0,1.16,1.42,1.32,1.165,35.188,33.188,86.188,12.273,14.833,10.385,1.2,1.535,1.275
04-12-2024,42.0,349.0,15.0,2.0,0.65,0.825,0.775,0.675,25.875,15.562,49.562,26.091,10.917,8.231,0.695,0.88,0.725
05-12-2024,40.0,352.0,30.0,1.0,0.46,0.523,0.497,0.457,13.0,5.625,21.5,59.091,4.333,2.077,0.473,0.5,0.487
06-12-2024,33.0,309.0,34.0,1.0,0.61,0.67,0.637,0.603,16.938,8.125,29.375,50.455,13.583,6.385,0.607,0.663,0.623
07-12-2024,44.0,367.0,23.0,1.0,0.18,0.213,0.2,0.177,4.438,2.188,7.938,68.364,4.583,2.385,0.18,0.203,0.193
08-12-2024,47.0,414.0,44.0,1.0,0.217,0.257,0.243,0.223,6.062,2.188,9.312,53.091,4.417,2.462,0.227,0.267,0.233
09-12-2024,38.0,388.0,24.0,1.0,0.387,0.46,0.443,0.397,11.312,4.188,17.875,48.364,9.333,4.846,0.4,0.48,0.423
10-12-2024,30.0,322.0,38.0,0.0,0.36,0.44,0.4,0.37,12.0,4.0,18.062,59.545,10.917,5.231,0.367,0.433,0.39
11-12-2024,44.0,343.0,47.0,1.0,0.407,0.487,0.447,0.417,14.312,3.875,20.188,62.727,9.667,5.154,0.423,0.507,0.44
12-12-2024,37.0,361.0,56.0,0.0,0.847,1.017,0.957,0.867,23.375,6.75,33.812,33.545,8.833,6.923,0.877,1.057,0.923
13-12-2024,15.0,369.0,54.0,0.0,1.027,1.25,1.16,1.057,29.188,9.0,42.75,29.545,11.0,9.231,1.067,1.333,1.127
14-12-2024,35.0,366.0,47.0,1.0,0.79,0.93,0.87,0.803,18.562,6.375,28.188,47.0,7.75,5.077,0.817,0.917,0.847
15-12-2024,40.0,426.0,58.0,2.0,0.303,0.367,0.343,0.313,8.5,3.25,13.562,52.909,2.5,1.385,0.32,0.353,0.333
16-12-2024,24.0,411.0,50.0,3.0,0.633,0.74,0.683,0.623,14.562,5.938,23.812,56.455,5.667,2.846,0.647,0.733,0.67
17-12-2024,25.0,386.0,68.0,1.0,0.723,0.833,0.787,0.74,16.067,7.667,27.667,43.0,7.833,5.154,0.73,0.83,0.767
18-12-2024,36.0,433.0,78.0,0.0,0.547,0.637,0.6,0.553,14.067,5.933,23.267,59.273,5.333,3.0,0.56,0.64,0.583
19-12-2024,36.0,403.0,60.0,0.0,0.63,0.713,0.67,0.643,16.467,5.8,25.2,60.9,6.917,3.462,0.623,0.703,0.663
20-12-2024,17.0,355.0,50.0,1.0,0.9,1.043,0.983,0.913,22.067,9.0,35.867,42.909,8.583,4.538,0.927,1.06,0.963
21-12-2024,23.0,359.0,64.0,1.0,0.357,0.4,0.383,0.36,8.615,3.923,14.615,59.273,8.5,5.0,0.367,0.4,0.377
22-12-2024,23.0,384.0,69.0,0.0,0.237,0.263,0.243,0.24,6.5,2.571,10.643,74.0,12.833,6.769,0.233,0.26,0.243
23-12-2024,19.0,376.0,62.0,3.0,0.913,1.047,0.997,0.937,21.286,8.643,34.429,50.364,13.5,7.231,0.937,1.057,0.967
24-12-2024,22.0,325.0,46.0,2.0,1.495,1.705,1.61,1.475,21.286,11.0,38.286,33.364,5.583,4.538,1.525,1.68,1.58
25-12-2024,13.0,343.0,43.0,0.0,0.89,1.095,1.01,0.9,13.067,5.333,21.267,40.455,5.083,4.077,0.925,1.15,0.97
26-12-2024,24.0,470.0,83.0,0.0,0.815,0.955,0.89,0.815,16.4,8.067,28.733,27.182,4.417,3.846,0.83,0.95,0.87
27-12-2024,25.0,419.0,56.0,0.0,1.12,1.355,1.27,1.13,19.533,14.133,41.2,13.2,5.083,4.462,1.145,1.39,1.215
28-12-2024,17.0,377.0,59.0,1.0,0.913,1.117,1.04,0.923,19.333,10.667,35.733,18.727,6.333,5.308,0.953,1.167,0.997
29-12-2024,33.0,386.0,70.0,0.0,0.447,0.543,0.51,0.453,11.933,4.6,18.867,47.545,4.25,3.077,0.467,0.56,0.49
30-12-2024,15.0,343.0,42.0,0.0,0.413,0.48,0.447,0.403,9.933,4.6,17.0,61.727,2.917,1.692,0.42,0.477,0.44
31-12-2024,24.0,350.0,53.0,0.0,0.283,0.32,0.307,0.277,5.133,2.4,8.667,66.364,3.833,2.0,0.283,0.323,0.297
01-01-2025,22.0,372.0,62.0,0.0,0.39,0.5,0.44,0.393,8.875,2.812,12.875,66.455,4.75,2.615,0.403,0.56,0.423
02-01-2025,23.0,335.0,52.0,0.0,0.626,0.753,0.7,0.628,32.812,15.438,56.188,30.545,11.333,7.769,0.643,0.775,0.676
03-01-2025,19.0,332.0,42.0,0.0,0.953,1.207,1.1,0.957,29.75,11.062,46.688,37.818,9.417,5.769,0.997,1.34,1.05
04-01-2025,16.0,315.0,42.0,0.0,1.503,1.927,1.763,1.53,30.5,9.812,45.5,26.909,12.333,9.615,1.583,2.19,1.677
05-01-2025,22.0,357.0,51.0,0.0,0.87,1.035,0.97,0.925,19.125,7.375,30.625,42.091,4.833,4.0,0.9,1.045,0.95
06-01-2025,20.0,370.0,53.0,0.0,0.63,0.75,0.69,0.665,15.812,5.188,23.625,51.818,4.333,2.385,0.64,0.755,0.68
07-01-2025,18.0,288.0,38.0,0.0,0.767,0.927,0.87,0.777,20.875,9.188,35.0,47.0,7.333,3.769,0.79,0.957,0.837
08-01-2025,15.0,267.0,39.0,0.0,3.39,4.085,3.79,3.46,47.938,41.938,112.375,16.273,15.0,10.308,3.495,4.275,3.68
09-01-2025,13.0,245.0,22.0,1.0,1.885,2.425,2.235,1.905,45.0,23.812,81.5,21.0,15.083,11.0,1.985,2.73,2.105
10-01-2025,11.0,220.0,17.0,0.0,5.48,6.56,6.09,5.6,57.062,88.25,192.312,7.273,24.75,18.923,5.65,6.78,5.93
11-01-2025,10.0,218.0,24.0,0.0,5.0,6.15,5.68,5.45,52.5,80.375,175.562,4.273,32.25,27.385,5.19,6.53,5.51
12-01-2025,6.0,217.0,23.0,0.0,2.575,3.133,2.904,2.683,33.688,19.25,63.062,14.636,23.167,19.615,2.664,3.296,2.813
13-01-2025,3.0,226.0,24.0,0.0,2.859,3.483,3.226,2.976,19.062,7.188,30.0,44.0,9.833,7.308,2.958,3.671,3.124
14-01-2025,5.0,230.0,23.0,0.0,0.59,0.78,0.715,0.62,28.438,13.688,49.5,28.091,10.583,7.923,0.64,0.86,0.67
15-01-2025,9.0,225.0,22.0,0.0,1.42,1.79,1.65,1.43,31.875,26.25,72.062,21.545,13.083,10.231,1.475,1.97,1.565
16-01-2025,11.0,209.0,30.0,0.0,1.817,2.21,2.07,1.857,28.688,26.75,69.688,16.091,15.417,12.615,1.883,2.37,1.99
17-01-2025,13.0,250.0,38.0,0.0,1.217,1.443,1.35,1.217,21.562,10.312,37.562,39.273,17.417,14.308,1.257,1.503,1.313
18-01-2025,8.0,220.0,12.0,2.0,0.993,1.193,1.117,1.013,18.0,7.688,29.5,38.818,23.417,20.462,1.03,1.263,1.083
19-01-2025,11.0,246.0,27.0,0.0,1.333,1.613,1.503,1.367,21.75,8.188,34.312,23.273,20.75,18.769,1.387,1.777,1.45
20-01-2025,14.0,241.0,20.0,0.0,1.953,2.46,2.27,2.003,33.5,24.0,70.312,11.0,25.0,19.692,2.05,2.753,2.17
21-01-2025,11.0,216.0,20.0,0.0,1.5,1.853,1.72,1.537,29.375,14.312,50.875,25.273,20.583,16.923,1.567,1.99,1.663
22-01-2025,14.0,257.0,28.0,0.0,2.787,3.34,3.13,2.887,41.688,31.062,89.375,10.182,28.667,24.462,2.867,3.547,3.02
23-01-2025,14.0,268.0,26.0,0.0,0.99,1.2,1.1,1.01,21.188,7.625,33.062,46.636,11.0,7.385,1.01,1.24,1.07
24-01-2025,7.0,249.0,23.0,1.0,0.95,0.83,1.015,0.985,10.312,3.812,16.188,71.727,20.0,9.615,0.97,0.81,0.99
25-01-2025,6.0,232.0,22.0,1.0,0.923,1.113,1.027,0.943,21.75,8.562,34.688,49.727,13.083,5.846,0.95,1.2,0.997
26-01-2025,20.0,287.0,18.0,0.0,0.473,0.59,0.543,0.48,10.938,3.5,16.438,63.727,7.5,4.308,0.487,0.633,0.52
27-01-2025,9.0,266.0,23.0,0.0,0.47,0.695,0.49,0.463,11.125,4.938,18.75,73.091,9.5,4.923,0.467,0.675,0.48
28-01-2025,15.0,249.0,23.0,1.0,1.0,1.13,1.07,0.97,18.312,6.938,29.062,54.182,6.583,4.308,1.01,1.105,1.055
29-01-2025,17.0,234.0,27.0,0.0,1.117,1.313,1.22,1.113,26.0,9.062,40.0,42.545,10.083,5.385,1.147,1.337,1.197
30-01-2025,17.0,252.0,20.0,0.0,1.277,1.5,1.407,1.27,30.125,10.875,46.625,44.091,12.583,5.923,1.303,1.563,1.363
31-01-2025,14.0,220.0,21.0,1.0,0.583,0.72,0.66,0.583,27.0,7.438,38.562,42.182,12.417,8.385,0.61,0.773,0.64
01-02-2025,12.0,210.0,20.0,0.0,0.21,0.26,0.237,0.223,20.938,7.438,32.125,39.636,13.917,11.154,0.223,0.277,0.23
02-02-2025,18.0,261.0,24.0,0.0,0.15,0.2,0.183,0.153,16.062,6.125,25.438,52.727,11.667,8.0,0.163,0.23,0.177
03-02-2025,15.0,251.0,14.0,0.0,0.71,0.833,0.777,0.737,21.375,9.375,35.375,40.273,13.167,8.615,0.733,0.84,0.76
04-02-2025,14.0,223.0,20.0,1.0,0.413,0.473,0.45,0.43,14.375,5.188,22.25,62.545,9.083,4.308,0.417,0.47,0.443
05-02-2025,27.0,204.0,17.0,0.0,2.1,2.82,2.57,2.09,37.125,40.312,99.375,31.727,18.0,9.615,2.23,3.34,2.38
06-02-2025,5.0,229.0,18.0,0.0,1.84,2.43,2.23,1.82,32.938,33.5,84.312,25.182,17.833,12.308,1.94,2.86,2.07
07-02-2025,16.0,249.0,23.0,0.0,0.435,0.52,0.485,0.445,11.312,2.875,15.75,57.545,13.417,7.769,0.44,0.56,0.47
08-02-2025,15.0,217.0,17.0,0.0,1.117,1.337,1.263,1.137,16.0,4.562,22.875,34.909,25.917,21.769,1.17,1.407,1.24
09-02-2025,15.0,236.0,21.0,1.0,1.46,1.805,1.705,1.52,12.733,2.533,16.933,32.273,33.167,28.615,1.56,1.87,1.645
10-02-2025,14.0,274.0,22.0,0.0,0.895,1.125,1.06,0.95,12.467,3.8,18.0,50.0,19.833,16.385,0.965,1.15,1.025
11-02-2025,5.0,240.0,17.0,1.0,1.205,1.55,1.45,1.27,19.533,6.267,29.133,33.727,25.417,21.385,1.32,1.64,1.38
12-02-2025,16.0,244.0,21.0,0.0,1.707,2.15,2.013,1.777,22.625,8.188,35.125,23.2,30.167,24.385,1.82,2.257,1.93
13-02-2025,8.0,208.0,15.0,0.0,1.07,1.335,1.255,1.13,17.125,4.812,24.688,59.333,22.917,15.0,1.14,1.36,1.215
14-02-2025,12.0,223.0,20.0,1.0,1.07,1.28,1.195,1.095,21.938,7.5,33.5,53.0,23.417,17.0,1.11,1.325,1.17
15-02-2025,15.0,212.0,21.0,0.0,1.54,1.923,1.8,1.6,24.562,7.625,36.188,31.7,30.833,27.308,1.637,2.047,1.727
16-02-2025,10.0,244.0,27.0,1.0,1.12,1.45,1.35,1.12,18.0,3.875,24.188,40.9,24.583,21.308,1.2,1.61,1.27
17-02-2025,8.0,240.0,11.0,2.0,0.8,0.98,0.91,0.84,23.938,7.688,35.75,41.222,21.917,16.538,0.845,1.025,0.895
18-02-2025,22.0,260.0,25.0,0.0,1.06,1.28,1.19,1.15,25.8,7.667,37.467,39.5,28.75,22.538,1.1,1.34,1.16
19-02-2025,15.0,224.0,18.0,0.0,1.89,2.4,2.215,1.905,29.6,11.267,46.867,23.8,37.667,30.077,2.0,2.66,2.115
20-02-2025,10.0,255.0,32.0,2.0,0.63,0.75,0.7,0.665,12.625,4.438,19.188,61.636,6.833,4.385,0.65,0.735,0.69
21-02-2025,7.0,244.0,29.0,1.0,0.53,0.647,0.59,0.543,10.938,3.812,16.875,65.727,7.0,4.462,0.55,0.653,0.577
22-02-2025,14.0,254.0,26.0,0.0,0.917,1.06,0.98,0.913,18.812,7.438,30.125,51.909,13.417,7.385,0.917,1.093,0.963
23-02-2025,16.0,248.0,26.0,0.0,0.43,0.495,0.46,0.425,7.562,2.438,11.188,69.455,7.167,4.308,0.435,0.505,0.45
24-02-2025,12.0,249.0,16.0,0.0,0.7,0.805,0.745,0.695,13.875,5.312,22.062,73.455,8.583,4.231,0.7,0.78,0.735
25-02-2025,12.0,215.0,16.0,0.0,0.647,0.76,0.693,0.64,20.25,7.625,31.75,60.0,12.333,5.385,0.643,0.78,0.677
26-02-2025,14.0,236.0,11.0,0.0,0.597,0.677,0.643,0.61,15.875,6.25,25.375,60.909,8.083,4.0,0.607,0.673,0.63
27-02-2025,13.0,213.0,15.0,0.0,0.835,0.955,0.91,0.845,18.688,5.375,27.0,57.455,9.833,5.077,0.855,0.95,0.89
28-02-2025,6.0,212.0,13.0,0.0,2.16,2.535,2.36,2.215,37.562,24.875,75.75,35.636,20.083,12.462,2.195,2.615,2.315
01-03-2025,15.0,202.0,21.0,0.0,3.18,4.09,3.607,3.25,42.25,40.188,104.0,28.182,25.0,16.231,3.287,4.563,3.46
02-03-2025,14.0,228.0,21.0,0.0,3.045,3.805,3.465,3.165,37.875,25.062,76.438,34.545,23.917,15.385,3.16,4.19,3.345
03-03-2025,12.0,222.0,13.0,1.0,1.68,2.05,1.87,1.73,38.125,18.5,66.125,37.182,20.5,11.308,1.74,2.167,1.82
04-03-2025,9.0,190.0,10.0,0.0,1.607,1.937,1.81,1.617,31.5,14.688,54.0,43.909,22.333,12.692,1.663,2.053,1.75
05-03-2025,10.0,197.0,11.0,0.0,1.455,1.78,1.66,1.48,25.562,7.938,37.875,56.545,26.167,16.538,1.52,1.925,1.585
06-03-2025,13.0,227.0,12.0,0.0,1.93,2.325,2.165,1.955,25.25,9.688,40.188,56.909,35.333,23.0,1.985,2.465,2.09
07-03-2025,9.0,240.0,17.0,1.0,1.03,1.27,1.177,1.053,19.533,7.733,31.333,53.0,23.333,12.769,1.077,1.34,1.13
08-03-2025,11.0,217.0,14.0,1.0,1.67,2.06,1.91,1.74,24.4,5.067,32.4,53.091,25.917,17.385,1.75,2.225,1.85
09-03-2025,15.0,213.0,10.0,2.0,1.835,2.295,2.115,1.97,22.8,3.0,27.467,61.818,42.583,33.923,1.925,2.485,2.05
10-03-2025,17.0,249.0,14.0,0.0,2.08,2.433,2.31,2.193,23.4,4.4,30.133,61.909,55.333,45.154,2.16,2.513,2.257
11-03-2025,13.0,219.0,14.0,1.0,0.56,0.66,0.593,0.573,14.533,3.6,20.133,67.545,13.083,5.385,0.56,0.68,0.58
12-03-2025,12.0,175.0,11.0,0.0,0.783,0.923,0.867,0.777,20.6,5.8,29.467,53.182,8.417,4.308,0.797,0.933,0.84
13-03-2025,16.0,205.0,10.0,0.0,0.545,0.665,0.615,0.565,21.688,4.625,28.812,51.455,9.333,5.0,0.575,0.705,0.595
14-03-2025,10.0,194.0,14.0,2.0,0.665,0.82,0.765,0.685,26.188,7.812,38.25,46.0,12.417,7.154,0.695,0.87,0.73
15-03-2025,21.0,209.0,10.0,0.0,0.46,0.613,0.54,0.477,18.312,4.125,24.5,58.818,9.75,5.923,0.49,0.737,0.513
16-03-2025,8.0,232.0,11.0,0.0,0.527,0.667,0.603,0.537,18.812,4.688,26.0,52.636,9.25,6.0,0.543,0.777,0.577
17-03-2025,15.0,229.0,10.0,0.0,0.47,0.577,0.523,0.483,13.0,3.938,18.75,69.909,12.917,6.692,0.483,0.59,0.51
18-03-2025,14.0,216.0,8.0,0.0,0.617,0.74,0.687,0.647,19.188,5.375,27.312,56.0,18.75,10.231,0.637,0.783,0.657
19-03-2025,13.0,210.0,11.0,0.0,2.833,3.307,3.107,2.893,38.875,22.438,73.312,31.2,40.583,25.538,2.897,3.407,3.03
20-03-2025,10.0,194.0,14.0,2.0,3.9,4.67,4.345,4.055,35.75,26.812,76.938,42.5,33.0,21.231,4.03,4.82,4.245
21-03-2025,17.0,209.0,9.0,1.0,1.365,1.595,1.495,1.495,26.25,5.625,35.312,48.455,35.167,20.692,1.39,1.65,1.47
22-03-2025,11.0,217.0,12.0,0.0,0.725,0.91,0.84,0.755,18.125,4.812,25.438,49.182,21.167,11.692,0.755,0.985,0.795
23-03-2025,7.0,244.0,6.0,0.0,1.025,1.205,1.16,1.04,14.688,3.062,19.5,54.0,30.083,23.385,1.07,1.2,1.125
24-03-2025,16.0,208.0,8.0,2.0,1.615,1.9,1.83,1.665,24.812,7.125,35.875,65.727,42.083,30.154,1.695,1.925,1.775
25-03-2025,12.0,233.0,12.0,2.0,0.77,0.907,0.847,0.817,23.25,6.5,33.188,45.091,17.154,11.714,0.79,0.93,0.83
26-03-2025,10.0,192.0,7.0,0.0,1.043,1.207,1.133,1.057,24.375,9.312,38.562,47.182,15.917,9.692,1.06,1.545,1.117
27-03-2025,10.0,204.0,13.0,1.0,0.587,0.673,0.633,0.597,13.062,5.75,21.938,54.182,9.417,4.538,0.59,0.663,0.617
28-03-2025,14.0,187.0,3.0,0.0,0.443,0.665,0.477,0.453,12.312,4.562,19.25,69.636,7.75,3.462,0.443,0.66,0.467
29-03-2025,8.0,191.0,6.0,0.0,0.437,0.65,0.47,0.437,10.0,4.333,16.533,66.091,8.583,4.231,0.44,0.645,0.463
30-03-2025,7.0,201.0,7.0,1.0,0.45,0.523,0.477,0.443,8.733,2.467,12.467,72.545,16.0,8.286,0.443,0.54,0.47
31-03-2025,11.0,204.0,4.0,0.0,1.235,1.725,1.335,1.22,25.375,13.25,45.688,49.182,17.923,8.714,1.235,1.94,1.305
01-04-2025,12.0,207.0,8.0,1.0,0.45,0.53,0.48,0.48,12.938,4.688,19.938,63.545,13.0,6.429,0.46,0.54,0.48
02-04-2025,12.0,233.0,8.0,1.0,0.585,0.67,0.635,0.595,12.25,3.938,18.125,65.091,16.077,8.571,0.59,0.665,0.62
03-04-2025,12.0,215.0,7.0,0.0,1.085,1.255,1.185,1.125,14.438,3.562,19.938,65.364,28.692,19.071,1.115,1.23,1.175
04-04-2025,10.0,208.0,5.0,0.0,0.727,0.86,0.81,0.777,14.875,3.312,20.25,69.727,28.385,17.5,0.76,0.877,0.797
05-04-2025,12.0,215.0,4.0,0.0,0.393,0.44,0.417,0.4,7.375,2.312,10.812,78.909,14.385,7.786,0.4,0.457,0.41
06-04-2025,8.0,208.0,5.0,0.0,0.413,0.49,0.447,0.43,8.188,2.25,11.625,74.0,11.308,5.571,0.417,0.49,0.44
07-04-2025,12.0,220.0,6.0,0.0,0.63,0.74,0.69,0.667,17.312,5.25,25.875,65.091,13.923,6.0,0.647,0.75,0.673
08-04-2025,12.0,213.0,6.0,1.0,0.975,1.13,1.07,1.05,24.625,7.875,36.688,58.0,18.462,9.929,1.0,1.15,1.05
09-04-2025,9.0,209.0,6.0,0.0,0.905,1.07,0.99,0.98,19.312,5.75,27.938,59.0,21.0,12.5,0.93,1.08,0.975
10-04-2025,14.0,228.0,7.0,0.0,1.91,2.2,2.07,1.98,25.25,8.062,37.438,55.909,28.385,17.786,1.96,2.18,2.03
11-04-2025,14.0,190.0,11.0,0.0,0.85,0.99,0.928,0.898,31.625,10.625,47.688,59.727,31.846,16.643,0.873,0.998,0.911
12-04-2025,9.0,201.0,3.0,1.0,1.573,1.85,1.74,1.593,23.5,6.5,33.5,72.091,27.385,14.786,1.617,1.917,1.69
13-04-2025,17.0,213.0,8.0,3.0,0.637,0.74,0.697,0.627,12.062,3.562,17.062,75.818,10.308,6.071,0.643,0.76,0.683
14-04-2025,14.0,219.0,6.0,0.0,0.765,0.87,0.82,0.765,14.125,6.125,23.5,69.455,9.308,4.071,0.78,0.85,0.805
15-04-2025,9.0,207.0,2.0,1.0,0.785,0.945,0.885,0.775,17.188,5.062,24.875,58.091,12.308,8.071,0.82,0.985,0.855
16-04-2025,10.0,197.0,4.0,2.0,0.47,0.84,0.5,0.48,8.188,4.188,14.438,76.818,8.308,3.0,0.465,0.81,0.495
17-04-2025,5.0,197.0,4.0,1.0,0.955,1.11,1.03,0.93,19.125,7.688,30.938,60.909,9.0,4.143,0.97,1.125,1.0
18-04-2025,19.0,210.0,5.0,0.0,0.735,0.865,0.81,0.73,15.533,3.867,21.6,67.182,11.538,6.714,0.75,0.89,0.795
19-04-2025,7.0,197.0,4.0,0.0,1.28,1.36,1.3,1.3,10.667,2.333,14.267,69.364,15.462,11.357,1.26,1.27,1.32
20-04-2025,11.0,194.0,10.0,1.0,0.64,0.76,0.69,0.55,7.667,2.267,11.333,77.091,10.077,6.357,0.65,0.73,0.68
21-04-2025,16.0,234.0,7.0,0.0,1.24,1.45,1.36,1.3,15.333,5.133,23.4,51.636,9.923,6.857,1.27,1.43,1.33
22-04-2025,9.0,199.0,5.0,0.0,1.42,1.56,1.48,1.46,13.067,6.267,22.6,63.273,9.154,4.571,1.43,1.47,1.47
23-04-2025,11.0,192.0,2.0,0.0,0.4,1.135,0.46,0.4,13.933,4.0,20.2,66.909,9.846,6.071,0.42,1.104,0.42
24-04-2025,17.0,176.0,2.0,0.0,0.953,1.184,1.019,0.953,14.667,4.467,21.867,65.818,16.077,11.143,0.964,1.152,1.002
25-04-2025,13.0,176.0,4.0,1.0,0.787,0.9,0.847,0.81,19.6,5.667,28.333,59.818,14.833,10.538,0.803,0.907,0.833
26-04-2025,9.0,180.0,7.0,0.0,1.14,1.315,1.235,1.215,17.4,4.467,24.4,64.545,23.333,18.077,1.175,1.31,1.22
27-04-2025,10.0,166.0,3.0,0.0,0.75,0.93,0.825,0.845,13.2,3.933,19.533,59.455,11.667,8.231,0.78,0.935,0.82
28-04-2025,7.0,155.0,1.0,0.0,2.54,2.88,2.71,2.59,22.4,8.467,35.333,56.182,11.5,5.0,2.56,2.84,2.66
29-04-2025,14.0,143.0,2.0,0.0,1.87,2.11,2.0,1.94,24.0,6.933,35.267,80.727,20.833,12.615,1.89,2.07,1.97
30-04-2025,8.0,130.0,2.0,0.0,1.88,2.145,2.025,1.955,32.25,8.875,45.625,80.727,21.75,13.0,1.905,2.165,1.975
01-05-2025,6.0,144.0,2.0,0.0,2.37,1.775,2.57,2.38,25.75,6.125,35.125,96.364,23.75,13.846,2.41,1.8,2.51
02-05-2025,8.0,149.0,3.0,0.0,0.96,1.12,1.05,1.01,13.067,3.533,18.6,70.0,16.25,8.923,0.98,1.11,1.03
03-05-2025,5.0,134.0,2.0,1.0,0.47,0.645,0.507,0.503,10.467,2.8,14.867,69.091,12.667,6.308,0.48,0.635,0.5
04-05-2025,8.0,175.0,2.0,0.0,0.223,0.295,0.247,0.233,6.467,2.467,10.267,72.545,7.917,3.385,0.23,0.305,0.237
05-05-2025,9.0,174.0,1.0,1.0,0.3,0.387,0.343,0.31,6.8,2.867,10.933,59.364,9.75,4.231,0.317,0.393,0.33
06-05-2025,9.0,180.0,0.0,0.0,0.58,0.657,0.623,0.613,14.533,4.667,21.667,62.091,11.667,6.231,0.597,0.667,0.617
07-05-2025,6.0,151.0,1.0,3.0,0.797,0.93,0.867,0.833,15.733,6.2,24.933,57.364,16.0,9.154,0.81,0.943,0.857
08-05-2025,4.0,143.0,2.0,1.0,0.305,0.36,0.34,0.33,11.812,3.562,17.562,75.182,9.833,5.0,0.315,0.36,0.325
09-05-2025,5.0,150.0,1.0,0.0,0.715,0.85,0.79,0.745,16.562,4.75,24.062,77.0,13.25,6.462,0.75,0.855,0.77
10-05-2025,3.0,139.0,3.0,0.0,0.957,1.113,1.06,1.003,17.375,3.562,22.688,84.727,13.462,6.214,0.983,1.137,1.023
11-05-2025,9.0,149.0,3.0,2.0,0.737,0.94,0.83,0.74,12.625,2.188,16.25,93.364,13.077,6.643,0.753,0.973,0.8
12-05-2025,5.0,184.0,4.0,1.0,1.137,1.303,1.237,1.19,20.438,4.312,26.875,78.364,16.231,8.857,1.157,1.293,1.207
13-05-2025,6.0,145.0,2.0,0.0,0.567,0.653,0.617,0.59,11.125,2.938,15.562,88.455,16.846,7.071,0.577,0.653,0.603
14-05-2025,3.0,139.0,1.0,1.0,0.577,0.647,0.62,0.61,11.25,3.125,16.375,82.182,18.462,10.429,0.58,0.643,0.61
15-05-2025,12.0,157.0,0.0,0.0,0.453,0.587,0.467,0.47,10.062,3.125,15.125,77.727,20.929,10.333,0.45,0.573,0.46
16-05-2025,5.0,148.0,3.0,1.0,0.735,0.87,0.803,0.764,10.25,3.312,15.188,87.0,19.357,9.467,0.75,0.875,0.782
17-05-2025,7.0,150.0,3.0,1.0,0.738,0.873,0.805,0.767,13.188,3.188,18.062,82.455,15.5,9.733,0.75,0.878,0.784
18-05-2025,5.0,164.0,0.0,1.0,0.694,0.826,0.754,0.72,7.133,1.333,9.067,79.0,18.5,11.533,0.703,0.827,0.736
19-05-2025,7.0,173.0,1.0,1.0,0.6,0.67,0.645,0.645,10.133,2.2,14.133,81.727,17.143,9.467,0.61,0.67,0.64
20-05-2025,8.0,162.0,1.0,0.0,0.61,0.68,0.65,0.64,12.733,2.867,16.933,76.727,14.857,8.4,0.62,0.65,0.64
21-05-2025,8.0,158.0,0.0,0.0,0.52,0.605,0.575,0.55,16.438,3.938,22.438,75.909,18.929,10.933,0.53,0.625,0.56
22-05-2025,5.0,168.0,0.0,0.0,0.5,0.57,0.53,0.53,16.062,4.688,23.375,55.273,17.714,8.6,0.51,0.56,0.52
23-05-2025,9.0,149.0,2.0,0.0,0.6,0.835,0.643,0.62,14.062,5.625,22.625,67.818,12.786,5.933,0.61,0.805,0.63
24-05-2025,8.0,138.0,0.0,0.0,0.57,0.83,0.61,0.577,6.875,4.125,13.375,45.909,8.714,5.067,0.587,0.79,0.603
25-05-2025,10.0,161.0,2.0,1.0,0.233,0.33,0.243,0.25,5.062,2.625,9.0,71.545,7.929,3.667,0.227,0.53,0.237
26-05-2025,12.0,156.0,6.0,0.0,0.287,0.32,0.307,0.31,5.688,3.0,10.312,70.636,7.643,3.733,0.297,0.41,0.307
27-05-2025,12.0,165.0,1.0,0.0,0.17,0.21,0.17,0.19,9.812,5.688,18.625,55.0,7.071,3.867,0.17,0.19,0.165
28-05-2025,5.0,117.0,1.0,0.0,0.26,0.37,0.27,0.27,10.875,4.875,18.5,64.0,6.929,3.467,0.265,0.38,0.27
29-05-2025,7.0,132.0,3.0,0.0,0.377,0.55,0.387,0.357,5.562,4.375,12.312,40.182,6.857,3.133,0.377,0.53,0.39
30-05-2025,7.0,152.0,0.0,1.0,0.56,0.75,0.59,0.543,9.062,5.875,17.75,43.091,5.643,2.467,0.557,1.18,0.58
31-05-2025,10.0,146.0,2.0,0.0,0.56,0.785,0.597,0.55,8.875,4.688,16.25,54.364,6.429,3.4,0.567,0.74,0.59
01-06-2025,8.0,173.0,3.0,1.0,0.32,0.363,0.343,0.317,6.0,2.688,9.375,69.545,9.571,4.867,0.32,0.363,0.333
02-06-2025,1.0,146.0,1.0,1.0,0.507,0.54,0.523,0.497,9.25,4.375,15.5,66.727,10.571,4.6,0.5,0.527,0.517
03-06-2025,6.0,142.0,0.0,0.0,0.35,0.39,0.377,0.353,8.188,3.812,14.062,68.364,8.643,4.067,0.35,0.377,0.367
04-06-2025,10.0,144.0,0.0,0.0,0.423,0.457,0.433,0.43,9.25,4.5,15.938,70.455,11.643,5.267,0.417,0.443,0.43
05-06-2025,9.0,149.0,3.0,1.0,0.6,0.91,0.63,0.617,11.812,5.688,20.562,58.182,4.643,2.267,0.603,0.86,0.62
06-06-2025,6.0,137.0,1.0,0.0,0.155,0.599,0.17,0.17,10.312,4.938,18.0,56.818,6.429,2.933,0.155,0.641,0.165
07-06-2025,5.0,144.0,1.0,0.0,0.23,0.3,0.245,0.235,10.062,4.25,16.562,56.636,5.214,2.533,0.23,0.275,0.235
08-06-2025,8.0,149.0,2.0,0.0,0.265,0.355,0.31,0.285,6.625,2.625,10.875,62.0,10.143,6.667,0.285,0.355,0.295
